{
  "split": "lut_test",
  "rmse_all": 0.01803238087788388,
  "mae_all": 0.012519359512928197,
  "sam": 0.047409046441316605,
  "rmse_band": 0.014966764487326145,
  "vi_metrics": {
    "NDVI": {
      "rmse": 0.02965279151313076,
      "r2": 0.9825206902542636
    },
    "NDRE": {
      "rmse": 0.020901270929068683,
      "r2": 0.9401284198499608
    },
    "GNDVI": {
      "rmse": 0.024544658339856695,
      "r2": 0.9739630562883304
    },
    "OSAVI1510": {
      "rmse": 0.046593752965208755,
      "r2": 0.962875174057374
    },
    "N870_1450": {
      "rmse": 0.04825428976344422,
      "r2": 0.9699735306229597
    },
    "N850_1510": {
      "rmse": 0.05598611087751735,
      "r2": 0.9546554095532134
    }
  }
}