{
  "scope": "global",
  "model": "m2h_swir_lut.keras",
  "n_samples": 300,
  "rmse_all": 0.051963962614536285,
  "sam": 0.145829439163208,
  "rmse_band": 0.050181612372398376,
  "vi_metrics": {
    "NDVI": {
      "rmse": 0.11295387693166603,
      "r2": 0.21326286893743518
    },
    "NDRE": {
      "rmse": 0.036315560109921693,
      "r2": 0.4780913829969109
    },
    "GNDVI": {
      "rmse": 0.06400408975791555,
      "r2": 0.45666069416846744
    },
    "OSAVI1510": {
      "rmse": 0.16082708460570794,
      "r2": -0.13372434841404934
    },
    "N1645_1715": {
      "rmse": 0.030030416935072655,
      "r2": -23.280029907868887
    },
    "N850_1510": {
      "rmse": 0.1870647788505046,
      "r2": -0.23718911833868805
    }
  }
}