{
  "scope": "global",
  "model": "m2h_swir_lut_new_head.pt",
  "n_samples": 300,
  "rmse_all": 0.040653157979249954,
  "sam": 0.09353262931108475,
  "rmse_band": 0.04620857536792755,
  "vi_metrics": {
    "NDVI": {
      "rmse": 0.05373373214895782,
      "r2": 0.821958446006714
    },
    "NDRE": {
      "rmse": 0.037085464067657656,
      "r2": 0.45572747764636257
    },
    "GNDVI": {
      "rmse": 0.04803853066994575,
      "r2": 0.6939198939384066
    },
    "OSAVI1510": {
      "rmse": 0.08119523061295386,
      "r2": 0.7110317456006822
    },
    "N1645_1715": {
      "rmse": 0.03199444484548124,
      "r2": -26.559773965827244
    },
    "N850_1510": {
      "rmse": 0.09875377017188823,
      "r2": 0.6552062287769475
    }
  }
}