{
  "scope": "global",
  "model": "m2h_data_driven.keras",
  "n_samples": 300,
  "rmse_all": 0.0483318455517292,
  "sam": 0.1480901837348938,
  "rmse_band": 0.0392606183886528,
  "vi_metrics": {
    "NDVI": {
      "rmse": 0.16638980115118737,
      "r2": -0.7071857203427994
    },
    "NDRE": {
      "rmse": 0.08295933934768103,
      "r2": -1.7235762811536932
    },
    "GNDVI": {
      "rmse": 0.09283804999917909,
      "r2": -0.1431617695300369
    },
    "OSAVI1510": {
      "rmse": 0.14023379886761597,
      "r2": 0.13802535103172642
    },
    "N1645_1715": {
      "rmse": 0.06464272234889439,
      "r2": -111.50343156998379
    },
    "N850_1510": {
      "rmse": 0.15745438222710564,
      "r2": 0.1234805724519713
    }
  }
}