{
  "scope": "global",
  "model": "m2h_swir_finetuned.keras",
  "n_samples": 300,
  "rmse_all": 0.05117674171924591,
  "sam": 0.143501415848732,
  "rmse_band": 0.04994277283549309,
  "vi_metrics": {
    "NDVI": {
      "rmse": 0.10932736376182432,
      "r2": 0.2629700843989521
    },
    "NDRE": {
      "rmse": 0.03594728187590853,
      "r2": 0.4886231214028912
    },
    "GNDVI": {
      "rmse": 0.06363125041370013,
      "r2": 0.4629724232301792
    },
    "OSAVI1510": {
      "rmse": 0.15702950702205398,
      "r2": -0.080815662824681
    },
    "N1645_1715": {
      "rmse": 0.02933068884132342,
      "r2": -22.161731293083324
    },
    "N850_1510": {
      "rmse": 0.18376987616040877,
      "r2": -0.19398999361262326
    }
  }
}