{
  "scope": "global",
  "model": "m2h_swir_finetuned_new_head.pt",
  "n_samples": 300,
  "rmse_all": 0.04159602150321007,
  "sam": 0.11969369649887085,
  "rmse_band": 0.04694453999400139,
  "vi_metrics": {
    "NDVI": {
      "rmse": 0.0527114963286807,
      "r2": 0.8286681700287158
    },
    "NDRE": {
      "rmse": 0.038392773972923754,
      "r2": 0.4166785349828279
    },
    "GNDVI": {
      "rmse": 0.11911334712243886,
      "r2": -0.8818132826563725
    },
    "OSAVI1510": {
      "rmse": 0.07881685041312585,
      "r2": 0.7277127865810589
    },
    "N1645_1715": {
      "rmse": 0.020627468862399738,
      "r2": -10.455614065476942
    },
    "N850_1510": {
      "rmse": 0.09654601804785735,
      "r2": 0.6704504107859576
    }
  }
}