{
  "split": "lut_test",
  "rmse_all": 0.018413522187389363,
  "mae_all": 0.012928997783732325,
  "sam": 0.050524428486824036,
  "rmse_band": 0.018409349024295807,
  "vi_metrics": {
    "NDVI": {
      "rmse": 0.03667746987646669,
      "r2": 0.9732581253724728
    },
    "NDRE": {
      "rmse": 0.02243090022424136,
      "r2": 0.9310445276190512
    },
    "GNDVI": {
      "rmse": 0.026137762295971277,
      "r2": 0.9704734415133611
    },
    "OSAVI1510": {
      "rmse": 0.04690348191552232,
      "r2": 0.9623799638265903
    },
    "N870_1450": {
      "rmse": 0.04891881013309551,
      "r2": 0.969140834066001
    },
    "N850_1510": {
      "rmse": 0.05629850989023954,
      "r2": 0.9541479577347904
    }
  }
}