{
  "scope": "global",
  "model": "m2h_data_driven_new_head.pt",
  "n_samples": 300,
  "rmse_all": 0.053636521100997925,
  "sam": 0.21697650849819183,
  "rmse_band": 0.05610542371869087,
  "vi_metrics": {
    "NDVI": {
      "rmse": 0.34041603951622307,
      "r2": -6.145743014883669
    },
    "NDRE": {
      "rmse": 0.09865041365882034,
      "r2": -2.851295081317094
    },
    "GNDVI": {
      "rmse": 0.24710149095558354,
      "r2": -7.098533892980507
    },
    "OSAVI1510": {
      "rmse": 0.1387440965396517,
      "r2": 0.1562415761739726
    },
    "N1645_1715": {
      "rmse": 0.06454013001948519,
      "r2": -111.14661398132439
    },
    "N850_1510": {
      "rmse": 0.17026647494568067,
      "r2": -0.024968058535264737
    }
  }
}