{
  "scope": "global",
  "model": "simple_cnn_data_driven.keras",
  "n_samples": 300,
  "rmse_all": 0.1893484890460968,
  "sam": 0.14018094539642334,
  "rmse_band": 0.15974117815494537,
  "vi_metrics": {
    "NDVI": {
      "rmse": 0.14318533635791783,
      "r2": -0.26422522672779203
    },
    "NDRE": {
      "rmse": 0.11471479882068063,
      "r2": -4.20772292016851
    },
    "GNDVI": {
      "rmse": 0.12031882029810237,
      "r2": -0.9200953797282918
    },
    "OSAVI1510": {
      "rmse": 0.49285455774397624,
      "r2": -9.646985176146101
    },
    "N1645_1715": {
      "rmse": 0.013572998786164938,
      "r2": -3.9599593148447942
    },
    "N850_1510": {
      "rmse": 0.17523669515581225,
      "r2": -0.08568078120532907
    }
  }
}