{
  "scope": "global",
  "model": "simple_cnn_data_driven_new_head.pt",
  "n_samples": 300,
  "rmse_all": 0.04521031305193901,
  "sam": 0.11638189107179642,
  "rmse_band": 0.053670626133680344,
  "vi_metrics": {
    "NDVI": {
      "rmse": 0.12961741022326256,
      "r2": -0.03598637533911497
    },
    "NDRE": {
      "rmse": 0.05037735694705382,
      "r2": -0.004337619944225324
    },
    "GNDVI": {
      "rmse": 0.08776034099038181,
      "r2": -0.021532707386179295
    },
    "OSAVI1510": {
      "rmse": 0.15047694271383613,
      "r2": 0.007503433412905269
    },
    "N1645_1715": {
      "rmse": 0.006202618513583202,
      "r2": -0.03580173895778471
    },
    "N850_1510": {
      "rmse": 0.16807098711835874,
      "r2": 0.0012942659279971958
    }
  }
}